"Qty","Value","Footprint","Datasheet"
"1","Conn_01x04_Pin","Imported Parts:Display_128x64_096_I2C",""
"1","Conn_01x08_Pin","Connector_PinHeader_2.54mm:PinHeader_1x08_P2.54mm_Vertical",""
"1","220","Resistor_THT:R_Axial_DIN0204_L3.6mm_D1.6mm_P7.62mm_Horizontal",""
"1","10k","Resistor_THT:R_Axial_DIN0204_L3.6mm_D1.6mm_P7.62mm_Horizontal",""
"2","SW_Push","Button_Switch_Keyboard:SW_Cherry_MX_1.00u_PCB",""
"1","RotaryEncoder_Switch","Rotary_Encoder:RotaryEncoder_Alps_EC11E-Switch_Vertical_H20mm",""
"1","XIAO-ESP32-C3-SMD","Imported Parts:XIAO-ESP32-C6-DIP",""
"1","DHT11","Sensor:Aosong_DHT11_5.5x12.0_P2.54mm","http://akizukidenshi.com/download/ds/aosong/DHT11.pdf"
"1","PS1240P02BT","buzzfootprints:XTAL_PS1240P02BT_TDK","PS1240P02BT"
