"Reference","Qty","Value","DNP","Exclude from BOM","Exclude from Board","Exclude from Simulation","Exclude from Position Files","Footprint","Datasheet"
"J3","1","Conn_01x04_Pin","","","","","${EXCLUDE_FROM_POS_FILES}","Imported Parts:Display_128x64_096_I2C",""
"J4","1","Conn_01x08_Pin","","","","","${EXCLUDE_FROM_POS_FILES}","Connector_PinHeader_2.54mm:PinHeader_1x08_P2.54mm_Vertical",""
"R3","1","220","","","","","${EXCLUDE_FROM_POS_FILES}","Resistor_THT:R_Axial_DIN0204_L3.6mm_D1.6mm_P7.62mm_Horizontal",""
"R4","1","10k","","","","","${EXCLUDE_FROM_POS_FILES}","Resistor_THT:R_Axial_DIN0204_L3.6mm_D1.6mm_P7.62mm_Horizontal",""
"SW4,SW5","2","SW_Push","","","","","${EXCLUDE_FROM_POS_FILES}","Button_Switch_Keyboard:SW_Cherry_MX_1.00u_PCB",""
"SW6","1","RotaryEncoder_Switch","","","","","${EXCLUDE_FROM_POS_FILES}","Rotary_Encoder:RotaryEncoder_Alps_EC11E-Switch_Vertical_H20mm",""
"U3","1","XIAO-ESP32-C3-SMD","","","","","${EXCLUDE_FROM_POS_FILES}","Imported Parts:XIAO-ESP32-C6-DIP",""
"U4","1","DHT11","","","","","${EXCLUDE_FROM_POS_FILES}","Sensor:Aosong_DHT11_5.5x12.0_P2.54mm","http://akizukidenshi.com/download/ds/aosong/DHT11.pdf"
"XTAL2","1","PS1240P02BT","","","","","${EXCLUDE_FROM_POS_FILES}","buzzfootprints:XTAL_PS1240P02BT_TDK","PS1240P02BT"
